,RunId,iteration,Step,n,m,d,c,agent_count,percentage_signers,percentage_fluent_signers,percentage_non_fluent_signers,percentage_deaf,percentage_carry
0,0,0,0,728,0.58,0.022,0.172,1456,0.020604395604395604,0.017170329670329672,0.003434065934065934,0.015796703296703296,0.16826923076923078
1,0,0,1,728,0.58,0.022,0.172,2184,0.04532967032967033,0.024725274725274724,0.020604395604395604,0.017857142857142856,0.16483516483516483
2,0,0,2,728,0.58,0.022,0.172,2912,0.12568681318681318,0.03777472527472527,0.08791208791208792,0.016483516483516484,0.16517857142857142
3,0,0,3,728,0.58,0.022,0.172,2912,0.16895604395604397,0.050824175824175824,0.11813186813186813,0.014766483516483516,0.15968406593406592
4,0,0,4,728,0.58,0.022,0.172,2912,0.20570054945054944,0.06902472527472528,0.13667582417582416,0.013392857142857142,0.1559065934065934
5,0,0,5,728,0.58,0.022,0.172,2912,0.1929945054945055,0.07451923076923077,0.11847527472527472,0.009271978021978022,0.1504120879120879
6,0,0,6,728,0.58,0.022,0.172,2912,0.1510989010989011,0.06868131868131869,0.08241758241758242,0.008241758241758242,0.13907967032967034
7,0,0,7,728,0.58,0.022,0.172,2912,0.1349587912087912,0.06215659340659341,0.07280219780219781,0.007898351648351648,0.12637362637362637
8,0,0,8,728,0.58,0.022,0.172,2912,0.11332417582417582,0.05013736263736264,0.06318681318681318,0.006868131868131868,0.11710164835164835
9,0,0,9,728,0.58,0.022,0.172,2912,0.12259615384615384,0.05048076923076923,0.07211538461538461,0.005494505494505495,0.11126373626373626
10,0,0,10,728,0.58,0.022,0.172,2912,0.09340659340659341,0.04429945054945055,0.049107142857142856,0.004120879120879121,0.10748626373626374
11,0,0,11,728,0.58,0.022,0.172,2912,0.09684065934065934,0.047046703296703296,0.04979395604395604,0.0030906593406593405,0.10782967032967034
12,0,0,12,728,0.58,0.022,0.172,2912,0.07760989010989011,0.040865384615384616,0.036744505494505496,0.0030906593406593405,0.11263736263736264
13,0,0,13,728,0.58,0.022,0.172,2912,0.09958791208791208,0.03502747252747253,0.06456043956043957,0.004120879120879121,0.11263736263736264
14,0,0,14,728,0.58,0.022,0.172,2912,0.12053571428571429,0.03125,0.08928571428571429,0.0037774725274725275,0.11607142857142858
15,0,0,15,728,0.58,0.022,0.172,2912,0.1095467032967033,0.025412087912087912,0.08413461538461539,0.003434065934065934,0.11572802197802198
16,0,0,16,728,0.58,0.022,0.172,2912,0.09787087912087912,0.02815934065934066,0.06971153846153846,0.0020604395604395605,0.10508241758241758
17,0,0,17,728,0.58,0.022,0.172,2912,0.061469780219780217,0.018200549450549452,0.04326923076923077,0.0013736263736263737,0.10027472527472528
18,0,0,18,728,0.58,0.022,0.172,2912,0.036057692307692304,0.014766483516483516,0.021291208791208792,0.001717032967032967,0.09134615384615384
19,0,0,19,728,0.58,0.022,0.172,2912,0.029532967032967032,0.007554945054945055,0.02197802197802198,0.0020604395604395605,0.08379120879120878
20,0,0,20,728,0.58,0.022,0.172,2912,0.026442307692307692,0.0,0.026442307692307692,0.001717032967032967,0.08413461538461539
21,0,0,21,728,0.58,0.022,0.172,2912,0.04223901098901099,0.0,0.04223901098901099,0.0020604395604395605,0.08207417582417582
22,0,0,22,728,0.58,0.022,0.172,2912,0.07142857142857142,0.0,0.07142857142857142,0.001717032967032967,0.07898351648351648
23,0,0,23,728,0.58,0.022,0.172,2912,0.05151098901098901,0.0,0.05151098901098901,0.0010302197802197802,0.08379120879120878
24,0,0,24,728,0.58,0.022,0.172,2912,0.053228021978021976,0.0,0.053228021978021976,0.0013736263736263737,0.08413461538461539
25,0,0,25,728,0.58,0.022,0.172,2912,0.042582417582417584,0.0,0.042582417582417584,0.0006868131868131869,0.08756868131868131
26,0,0,26,728,0.58,0.022,0.172,2912,0.018543956043956044,0.0,0.018543956043956044,0.0013736263736263737,0.09546703296703296
27,0,0,27,728,0.58,0.022,0.172,2912,0.04189560439560439,0.0,0.04189560439560439,0.001717032967032967,0.09924450549450549
28,0,0,28,728,0.58,0.022,0.172,2912,0.03537087912087912,0.0,0.03537087912087912,0.001717032967032967,0.10611263736263736
29,0,0,29,728,0.58,0.022,0.172,2912,0.0625,0.0,0.0625,0.0020604395604395605,0.11160714285714286
30,0,0,30,728,0.58,0.022,0.172,2912,0.059065934065934064,0.0,0.059065934065934064,0.002403846153846154,0.11504120879120878
31,0,0,31,728,0.58,0.022,0.172,2912,0.09065934065934066,0.0,0.09065934065934066,0.004464285714285714,0.11366758241758242
32,0,0,32,728,0.58,0.022,0.172,2912,0.11195054945054946,0.0,0.11195054945054946,0.007211538461538462,0.1143543956043956
33,0,0,33,728,0.58,0.022,0.172,2912,0.12396978021978022,0.0,0.12396978021978022,0.008928571428571428,0.10989010989010989
34,0,0,34,728,0.58,0.022,0.172,2912,0.11332417582417582,0.0,0.11332417582417582,0.008928571428571428,0.10748626373626374
35,0,0,35,728,0.58,0.022,0.172,2912,0.08619505494505494,0.0,0.08619505494505494,0.007554945054945055,0.11057692307692307
36,0,0,36,728,0.58,0.022,0.172,2912,0.06868131868131869,0.0,0.06868131868131869,0.005837912087912088,0.11366758241758242
37,0,0,37,728,0.58,0.022,0.172,2912,0.07245879120879122,0.0,0.07245879120879122,0.006868131868131868,0.11675824175824176
38,0,0,38,728,0.58,0.022,0.172,2912,0.07932692307692307,0.0,0.07932692307692307,0.006868131868131868,0.12156593406593406
39,0,0,39,728,0.58,0.022,0.172,2912,0.1043956043956044,0.0,0.1043956043956044,0.006868131868131868,0.1198489010989011
40,0,0,40,728,0.58,0.022,0.172,2912,0.09752747252747253,0.0,0.09752747252747253,0.006181318681318681,0.11572802197802198
41,0,0,41,728,0.58,0.022,0.172,2912,0.08516483516483517,0.0,0.08516483516483517,0.0037774725274725275,0.10989010989010989
42,0,0,42,728,0.58,0.022,0.172,2912,0.07142857142857142,0.0,0.07142857142857142,0.003434065934065934,0.09787087912087912
43,0,0,43,728,0.58,0.022,0.172,2912,0.04635989010989011,0.0,0.04635989010989011,0.002403846153846154,0.09271978021978022
44,0,0,44,728,0.58,0.022,0.172,2912,0.057692307692307696,0.0,0.057692307692307696,0.0027472527472527475,0.08379120879120878
45,0,0,45,728,0.58,0.022,0.172,2912,0.05151098901098901,0.0,0.05151098901098901,0.003434065934065934,0.07692307692307693
46,0,0,46,728,0.58,0.022,0.172,2912,0.04223901098901099,0.0,0.04223901098901099,0.0030906593406593405,0.07520604395604395
47,0,0,47,728,0.58,0.022,0.172,2912,0.06627747252747253,0.0,0.06627747252747253,0.003434065934065934,0.07589285714285714
48,0,0,48,728,0.58,0.022,0.172,2912,0.09512362637362637,0.0,0.09512362637362637,0.0027472527472527475,0.0782967032967033
49,0,0,49,728,0.58,0.022,0.172,2912,0.0779532967032967,0.0,0.0779532967032967,0.002403846153846154,0.08585164835164835
50,0,0,50,728,0.58,0.022,0.172,2912,0.07211538461538461,0.0,0.07211538461538461,0.002403846153846154,0.08962912087912088
51,1,1,0,728,0.58,0.022,0.172,1456,0.036401098901098904,0.030906593406593408,0.005494505494505495,0.016483516483516484,0.17101648351648352
52,1,1,1,728,0.58,0.022,0.172,2184,0.07188644688644688,0.03983516483516483,0.03205128205128205,0.013736263736263736,0.17261904761904762
53,1,1,2,728,0.58,0.022,0.172,2912,0.17307692307692307,0.05666208791208791,0.11641483516483517,0.01201923076923077,0.17891483516483517
54,1,1,3,728,0.58,0.022,0.172,2912,0.15487637362637363,0.061469780219780217,0.09340659340659341,0.010645604395604396,0.19436813186813187
55,1,1,4,728,0.58,0.022,0.172,2912,0.19127747252747251,0.0676510989010989,0.12362637362637363,0.01510989010989011,0.20707417582417584
56,1,1,5,728,0.58,0.022,0.172,2912,0.24210164835164835,0.07383241758241758,0.16826923076923078,0.02197802197802198,0.22115384615384615
57,1,1,6,728,0.58,0.022,0.172,2912,0.2936126373626374,0.08035714285714286,0.2132554945054945,0.029532967032967032,0.23042582417582416
58,1,1,7,728,0.58,0.022,0.172,2912,0.33379120879120877,0.10576923076923077,0.22802197802197802,0.03021978021978022,0.23557692307692307
59,1,1,8,728,0.58,0.022,0.172,2912,0.4021291208791209,0.13186813186813187,0.270260989010989,0.033997252747252744,0.23008241758241757
60,1,1,9,728,0.58,0.022,0.172,2912,0.36641483516483514,0.13907967032967034,0.22733516483516483,0.036744505494505496,0.22184065934065933
61,1,1,10,728,0.58,0.022,0.172,2912,0.3317307692307692,0.13289835164835165,0.19883241758241757,0.03743131868131868,0.2184065934065934
62,1,1,11,728,0.58,0.022,0.172,2912,0.35370879120879123,0.1411401098901099,0.2125686813186813,0.044642857142857144,0.21703296703296704
63,1,1,12,728,0.58,0.022,0.172,2912,0.3791208791208791,0.15144230769230768,0.22767857142857142,0.04361263736263736,0.2249313186813187
64,1,1,13,728,0.58,0.022,0.172,2912,0.36881868131868134,0.16105769230769232,0.20776098901098902,0.040865384615384616,0.22630494505494506
65,1,1,14,728,0.58,0.022,0.172,2912,0.3605769230769231,0.17410714285714285,0.18646978021978022,0.03743131868131868,0.2249313186813187
66,1,1,15,728,0.58,0.022,0.172,2912,0.36160714285714285,0.1665521978021978,0.19505494505494506,0.03331043956043956,0.21565934065934067
67,1,1,16,728,0.58,0.022,0.172,2912,0.34168956043956045,0.1614010989010989,0.18028846153846154,0.031936813186813184,0.20982142857142858
68,1,1,17,728,0.58,0.022,0.172,2912,0.32177197802197804,0.1565934065934066,0.16517857142857142,0.03159340659340659,0.20982142857142858
69,1,1,18,728,0.58,0.022,0.172,2912,0.38083791208791207,0.17822802197802198,0.2026098901098901,0.03125,0.2135989010989011
70,1,1,19,728,0.58,0.022,0.172,2912,0.37637362637362637,0.19402472527472528,0.1823489010989011,0.02918956043956044,0.22115384615384615
71,1,1,20,728,0.58,0.022,0.172,2912,0.3897664835164835,0.20020604395604397,0.18956043956043955,0.028502747252747252,0.2245879120879121
72,1,1,21,728,0.58,0.022,0.172,2912,0.3598901098901099,0.21119505494505494,0.14869505494505494,0.029532967032967032,0.22287087912087913
73,1,1,22,728,0.58,0.022,0.172,2912,0.3269230769230769,0.18853021978021978,0.13839285714285715,0.03159340659340659,0.21600274725274726
74,1,1,23,728,0.58,0.022,0.172,2912,0.34993131868131866,0.1871565934065934,0.16277472527472528,0.032623626373626376,0.2129120879120879
75,1,1,24,728,0.58,0.022,0.172,2912,0.34581043956043955,0.1820054945054945,0.16380494505494506,0.03159340659340659,0.20982142857142858
76,1,1,25,728,0.58,0.022,0.172,2912,0.34168956043956045,0.18475274725274726,0.15693681318681318,0.02918956043956044,0.2125686813186813
77,1,1,26,728,0.58,0.022,0.172,2912,0.32967032967032966,0.17685439560439561,0.15281593406593408,0.02815934065934066,0.2132554945054945
78,1,1,27,728,0.58,0.022,0.172,2912,0.2846840659340659,0.14869505494505494,0.13598901098901098,0.026785714285714284,0.21188186813186813
79,1,1,28,728,0.58,0.022,0.172,2912,0.29052197802197804,0.13598901098901098,0.15453296703296704,0.028502747252747252,0.21050824175824176
80,1,1,29,728,0.58,0.022,0.172,2912,0.31971153846153844,0.1349587912087912,0.18475274725274726,0.02815934065934066,0.21050824175824176
81,1,1,30,728,0.58,0.022,0.172,2912,0.34958791208791207,0.1500686813186813,0.19951923076923078,0.03159340659340659,0.2032967032967033
82,1,1,31,728,0.58,0.022,0.172,2912,0.31902472527472525,0.15384615384615385,0.16517857142857142,0.03331043956043956,0.1936813186813187
83,1,1,32,728,0.58,0.022,0.172,2912,0.3114697802197802,0.15247252747252749,0.15899725274725274,0.032623626373626376,0.19059065934065933
84,1,1,33,728,0.58,0.022,0.172,2912,0.32520604395604397,0.15178571428571427,0.17342032967032966,0.03296703296703297,0.18612637362637363
85,1,1,34,728,0.58,0.022,0.172,2912,0.3389423076923077,0.15418956043956045,0.18475274725274726,0.025755494505494504,0.18440934065934067
86,1,1,35,728,0.58,0.022,0.172,2912,0.3633241758241758,0.17445054945054944,0.18887362637362637,0.022321428571428572,0.1820054945054945
87,1,1,36,728,0.58,0.022,0.172,2912,0.33447802197802196,0.18269230769230768,0.15178571428571427,0.016826923076923076,0.17445054945054944
88,1,1,37,728,0.58,0.022,0.172,2912,0.27472527472527475,0.16037087912087913,0.1143543956043956,0.011675824175824176,0.1775412087912088
89,1,1,38,728,0.58,0.022,0.172,2912,0.23798076923076922,0.13255494505494506,0.10542582417582418,0.010302197802197802,0.1875
90,1,1,39,728,0.58,0.022,0.172,2912,0.19574175824175824,0.09958791208791208,0.09615384615384616,0.009271978021978022,0.1978021978021978
91,1,1,40,728,0.58,0.022,0.172,2912,0.19093406593406592,0.07074175824175824,0.1201923076923077,0.010645604395604396,0.20604395604395603
92,1,1,41,728,0.58,0.022,0.172,2912,0.1713598901098901,0.057005494505494504,0.1143543956043956,0.013392857142857142,0.20398351648351648
93,1,1,42,728,0.58,0.022,0.172,2912,0.19196428571428573,0.046703296703296704,0.14526098901098902,0.017170329670329672,0.20020604395604397
94,1,1,43,728,0.58,0.022,0.172,2912,0.22527472527472528,0.042925824175824176,0.1823489010989011,0.020947802197802196,0.18956043956043955
95,1,1,44,728,0.58,0.022,0.172,2912,0.24656593406593408,0.044642857142857144,0.20192307692307693,0.021291208791208792,0.18097527472527472
96,1,1,45,728,0.58,0.022,0.172,2912,0.2709478021978022,0.053228021978021976,0.21771978021978022,0.019917582417582416,0.17342032967032966
97,1,1,46,728,0.58,0.022,0.172,2912,0.23592032967032966,0.061126373626373624,0.17479395604395603,0.015453296703296704,0.16311813186813187
98,1,1,47,728,0.58,0.022,0.172,2912,0.21737637362637363,0.07245879120879122,0.14491758241758243,0.01098901098901099,0.1565934065934066
99,1,1,48,728,0.58,0.022,0.172,2912,0.1713598901098901,0.06902472527472528,0.10233516483516483,0.008585164835164836,0.1507554945054945
100,1,1,49,728,0.58,0.022,0.172,2912,0.12362637362637363,0.061813186813186816,0.061813186813186816,0.007554945054945055,0.14560439560439561
101,1,1,50,728,0.58,0.022,0.172,2912,0.12362637362637363,0.05837912087912088,0.06524725274725275,0.008928571428571428,0.14320054945054944
102,2,2,0,728,0.58,0.022,0.172,1456,0.017857142857142856,0.014423076923076924,0.003434065934065934,0.01304945054945055,0.17101648351648352
103,2,2,1,728,0.58,0.022,0.172,2184,0.024267399267399268,0.014652014652014652,0.009615384615384616,0.011904761904761904,0.16758241758241757
104,2,2,2,728,0.58,0.022,0.172,2912,0.07864010989010989,0.02197802197802198,0.05666208791208791,0.01201923076923077,0.16414835164835165
105,2,2,3,728,0.58,0.022,0.172,2912,0.11847527472527472,0.028846153846153848,0.08962912087912088,0.011332417582417582,0.1617445054945055
106,2,2,4,728,0.58,0.022,0.172,2912,0.15796703296703296,0.040865384615384616,0.11710164835164835,0.009615384615384616,0.16311813186813187
107,2,2,5,728,0.58,0.022,0.172,2912,0.20535714285714285,0.0676510989010989,0.13770604395604397,0.010302197802197802,0.17376373626373626
108,2,2,6,728,0.58,0.022,0.172,2912,0.23832417582417584,0.08722527472527472,0.1510989010989011,0.011675824175824176,0.18612637362637363
109,2,2,7,728,0.58,0.022,0.172,2912,0.25858516483516486,0.09615384615384616,0.1624313186813187,0.016140109890109892,0.1933379120879121
110,2,2,8,728,0.58,0.022,0.172,2912,0.2606456043956044,0.10645604395604395,0.15418956043956045,0.020604395604395604,0.19127747252747251
111,2,2,9,728,0.58,0.022,0.172,2912,0.28331043956043955,0.09993131868131869,0.18337912087912087,0.021291208791208792,0.18681318681318682
112,2,2,10,728,0.58,0.022,0.172,2912,0.2809065934065934,0.09821428571428571,0.18269230769230768,0.021291208791208792,0.18440934065934067
113,2,2,11,728,0.58,0.022,0.172,2912,0.25755494505494503,0.10130494505494506,0.15625,0.017857142857142856,0.18269230769230768
114,2,2,12,728,0.58,0.022,0.172,2912,0.2503434065934066,0.09649725274725275,0.15384615384615385,0.017170329670329672,0.18406593406593408
115,2,2,13,728,0.58,0.022,0.172,2912,0.2709478021978022,0.10817307692307693,0.16277472527472528,0.017170329670329672,0.18063186813186813
116,2,2,14,728,0.58,0.022,0.172,2912,0.27163461538461536,0.1095467032967033,0.1620879120879121,0.017513736263736264,0.1775412087912088
117,2,2,15,728,0.58,0.022,0.172,2912,0.23866758241758243,0.10817307692307693,0.1304945054945055,0.018543956043956044,0.17513736263736263
118,2,2,16,728,0.58,0.022,0.172,2912,0.23832417582417584,0.11126373626373626,0.12706043956043955,0.020947802197802196,0.16826923076923078
119,2,2,17,728,0.58,0.022,0.172,2912,0.2342032967032967,0.10336538461538461,0.1308379120879121,0.024725274725274724,0.16826923076923078
120,2,2,18,728,0.58,0.022,0.172,2912,0.2534340659340659,0.10302197802197802,0.1504120879120879,0.026785714285714284,0.17273351648351648
121,2,2,19,728,0.58,0.022,0.172,2912,0.2661401098901099,0.11401098901098901,0.15212912087912087,0.027815934065934064,0.18063186813186813
122,2,2,20,728,0.58,0.022,0.172,2912,0.2936126373626374,0.12637362637362637,0.16723901098901098,0.028502747252747252,0.18990384615384615
123,2,2,21,728,0.58,0.022,0.172,2912,0.3118131868131868,0.13873626373626374,0.17307692307692307,0.03159340659340659,0.19471153846153846
124,2,2,22,728,0.58,0.022,0.172,2912,0.3125,0.1462912087912088,0.1662087912087912,0.032623626373626376,0.19471153846153846
125,2,2,23,728,0.58,0.022,0.172,2912,0.3403159340659341,0.15831043956043955,0.1820054945054945,0.03743131868131868,0.19402472527472528
126,2,2,24,728,0.58,0.022,0.172,2912,0.35027472527472525,0.16105769230769232,0.18921703296703296,0.038804945054945056,0.19574175824175824
127,2,2,25,728,0.58,0.022,0.172,2912,0.36847527472527475,0.1665521978021978,0.20192307692307693,0.03743131868131868,0.2029532967032967
128,2,2,26,728,0.58,0.022,0.172,2912,0.3636675824175824,0.16689560439560439,0.19677197802197802,0.03708791208791209,0.2036401098901099
129,2,2,27,728,0.58,0.022,0.172,2912,0.35714285714285715,0.1624313186813187,0.19471153846153846,0.03296703296703297,0.20673076923076922
130,2,2,28,728,0.58,0.022,0.172,2912,0.30254120879120877,0.14526098901098902,0.15728021978021978,0.027815934065934064,0.21119505494505494
131,2,2,29,728,0.58,0.022,0.172,2912,0.2846840659340659,0.12637362637362637,0.15831043956043955,0.02300824175824176,0.2029532967032967
132,2,2,30,728,0.58,0.022,0.172,2912,0.2819368131868132,0.12225274725274725,0.15968406593406592,0.019917582417582416,0.1978021978021978
133,2,2,31,728,0.58,0.022,0.172,2912,0.2287087912087912,0.10164835164835165,0.12706043956043955,0.017170329670329672,0.1936813186813187
134,2,2,32,728,0.58,0.022,0.172,2912,0.2287087912087912,0.09924450549450549,0.12946428571428573,0.015796703296703296,0.18956043956043955
135,2,2,33,728,0.58,0.022,0.172,2912,0.2091346153846154,0.09375,0.11538461538461539,0.01304945054945055,0.18646978021978022
136,2,2,34,728,0.58,0.022,0.172,2912,0.20535714285714285,0.0782967032967033,0.12706043956043955,0.010645604395604396,0.17342032967032966
137,2,2,35,728,0.58,0.022,0.172,2912,0.1658653846153846,0.06456043956043957,0.10130494505494506,0.007554945054945055,0.16277472527472528
138,2,2,36,728,0.58,0.022,0.172,2912,0.12706043956043955,0.047046703296703296,0.08001373626373626,0.005494505494505495,0.1466346153846154
139,2,2,37,728,0.58,0.022,0.172,2912,0.1198489010989011,0.028502747252747252,0.09134615384615384,0.004807692307692308,0.1401098901098901
140,2,2,38,728,0.58,0.022,0.172,2912,0.125,0.01098901098901099,0.11401098901098901,0.004807692307692308,0.1466346153846154
141,2,2,39,728,0.58,0.022,0.172,2912,0.13942307692307693,0.006524725274725275,0.13289835164835165,0.006524725274725275,0.14903846153846154
142,2,2,40,728,0.58,0.022,0.172,2912,0.1411401098901099,0.004807692307692308,0.13633241758241757,0.008241758241758242,0.14903846153846154
143,2,2,41,728,0.58,0.022,0.172,2912,0.1504120879120879,0.0030906593406593405,0.14732142857142858,0.010302197802197802,0.14732142857142858
144,2,2,42,728,0.58,0.022,0.172,2912,0.17101648351648352,0.003434065934065934,0.16758241758241757,0.010302197802197802,0.14560439560439561
145,2,2,43,728,0.58,0.022,0.172,2912,0.16105769230769232,0.002403846153846154,0.15865384615384615,0.009958791208791208,0.14423076923076922
146,2,2,44,728,0.58,0.022,0.172,2912,0.16895604395604397,0.0020604395604395605,0.16689560439560439,0.010645604395604396,0.15247252747252749
147,2,2,45,728,0.58,0.022,0.172,2912,0.15934065934065933,0.0010302197802197802,0.15831043956043955,0.01304945054945055,0.15556318681318682
148,2,2,46,728,0.58,0.022,0.172,2912,0.16105769230769232,0.0,0.16105769230769232,0.016483516483516484,0.15350274725274726
149,2,2,47,728,0.58,0.022,0.172,2912,0.2348901098901099,0.0,0.2348901098901099,0.019230769230769232,0.15178571428571427
150,2,2,48,728,0.58,0.022,0.172,2912,0.23592032967032966,0.0,0.23592032967032966,0.019917582417582416,0.14388736263736263
151,2,2,49,728,0.58,0.022,0.172,2912,0.25206043956043955,0.0,0.25206043956043955,0.018887362637362636,0.1407967032967033
152,2,2,50,728,0.58,0.022,0.172,2912,0.2249313186813187,0.0,0.2249313186813187,0.016483516483516484,0.14766483516483517
153,3,3,0,728,0.58,0.022,0.172,1456,0.01304945054945055,0.010302197802197802,0.0027472527472527475,0.014423076923076924,0.18406593406593408
154,3,3,1,728,0.58,0.022,0.172,2184,0.020604395604395604,0.010531135531135532,0.010073260073260074,0.015567765567765568,0.17994505494505494
155,3,3,2,728,0.58,0.022,0.172,2912,0.06593406593406594,0.013392857142857142,0.05254120879120879,0.015453296703296704,0.18028846153846154
156,3,3,3,728,0.58,0.022,0.172,2912,0.11641483516483517,0.020260989010989012,0.09615384615384616,0.019230769230769232,0.1778846153846154
157,3,3,4,728,0.58,0.022,0.172,2912,0.17342032967032966,0.03296703296703297,0.1404532967032967,0.019230769230769232,0.1775412087912088
158,3,3,5,728,0.58,0.022,0.172,2912,0.20673076923076922,0.05460164835164835,0.15212912087912087,0.023351648351648352,0.18475274725274726
159,3,3,6,728,0.58,0.022,0.172,2912,0.2578983516483517,0.0731456043956044,0.18475274725274726,0.025755494505494504,0.18887362637362637
160,3,3,7,728,0.58,0.022,0.172,2912,0.2853708791208791,0.08653846153846154,0.19883241758241757,0.024725274725274724,0.18956043956043955
161,3,3,8,728,0.58,0.022,0.172,2912,0.2767857142857143,0.09409340659340659,0.18269230769230768,0.025755494505494504,0.19539835164835165
162,3,3,9,728,0.58,0.022,0.172,2912,0.270260989010989,0.09306318681318682,0.1771978021978022,0.023695054945054944,0.19471153846153846
163,3,3,10,728,0.58,0.022,0.172,2912,0.2706043956043956,0.09718406593406594,0.17342032967032966,0.024381868131868132,0.19608516483516483
164,3,3,11,728,0.58,0.022,0.172,2912,0.29842032967032966,0.10370879120879122,0.19471153846153846,0.024725274725274724,0.20398351648351648
165,3,3,12,728,0.58,0.022,0.172,2912,0.33653846153846156,0.11744505494505494,0.2190934065934066,0.024381868131868132,0.20604395604395603
166,3,3,13,728,0.58,0.022,0.172,2912,0.33550824175824173,0.12912087912087913,0.20638736263736263,0.023695054945054944,0.20089285714285715
167,3,3,14,728,0.58,0.022,0.172,2912,0.3011675824175824,0.11950549450549451,0.1816620879120879,0.02300824175824176,0.19162087912087913
168,3,3,15,728,0.58,0.022,0.172,2912,0.25274725274725274,0.10199175824175824,0.1507554945054945,0.02197802197802198,0.19024725274725274
169,3,3,16,728,0.58,0.022,0.172,2912,0.21428571428571427,0.08070054945054946,0.13358516483516483,0.02300824175824176,0.17891483516483517
170,3,3,17,728,0.58,0.022,0.172,2912,0.20089285714285715,0.06387362637362637,0.13701923076923078,0.024381868131868132,0.1720467032967033
171,3,3,18,728,0.58,0.022,0.172,2912,0.20570054945054944,0.06043956043956044,0.14526098901098902,0.024725274725274724,0.17273351648351648
172,3,3,19,728,0.58,0.022,0.172,2912,0.19230769230769232,0.06559065934065934,0.12671703296703296,0.02403846153846154,0.16689560439560439
173,3,3,20,728,0.58,0.022,0.172,2912,0.24072802197802198,0.08138736263736264,0.15934065934065933,0.022321428571428572,0.16758241758241757
174,3,3,21,728,0.58,0.022,0.172,2912,0.2692307692307692,0.09924450549450549,0.16998626373626374,0.018887362637362636,0.17685439560439561
175,3,3,22,728,0.58,0.022,0.172,2912,0.27300824175824173,0.11641483516483517,0.1565934065934066,0.016140109890109892,0.1778846153846154
176,3,3,23,728,0.58,0.022,0.172,2912,0.2664835164835165,0.12946428571428573,0.13701923076923078,0.015453296703296704,0.18440934065934067
177,3,3,24,728,0.58,0.022,0.172,2912,0.26407967032967034,0.125,0.13907967032967034,0.016483516483516484,0.19505494505494506
178,3,3,25,728,0.58,0.022,0.172,2912,0.25858516483516486,0.11469780219780219,0.14388736263736263,0.019574175824175824,0.2026098901098901
179,3,3,26,728,0.58,0.022,0.172,2912,0.26751373626373626,0.10405219780219781,0.16346153846153846,0.021634615384615384,0.21153846153846154
180,3,3,27,728,0.58,0.022,0.172,2912,0.27541208791208793,0.09375,0.1816620879120879,0.025755494505494504,0.21153846153846154
181,3,3,28,728,0.58,0.022,0.172,2912,0.2767857142857143,0.09031593406593406,0.18646978021978022,0.03125,0.2029532967032967
182,3,3,29,728,0.58,0.022,0.172,2912,0.3540521978021978,0.09958791208791208,0.2544642857142857,0.034684065934065936,0.20157967032967034
183,3,3,30,728,0.58,0.022,0.172,2912,0.3904532967032967,0.12293956043956043,0.26751373626373626,0.040521978021978024,0.20604395604395603
184,3,3,31,728,0.58,0.022,0.172,2912,0.39938186813186816,0.15350274725274726,0.24587912087912087,0.0415521978021978,0.2125686813186813
185,3,3,32,728,0.58,0.022,0.172,2912,0.4141483516483517,0.1778846153846154,0.23626373626373626,0.03949175824175824,0.2239010989010989
186,3,3,33,728,0.58,0.022,0.172,2912,0.4007554945054945,0.19127747252747251,0.20947802197802198,0.03949175824175824,0.22355769230769232
187,3,3,34,728,0.58,0.022,0.172,2912,0.35782967032967034,0.18337912087912087,0.17445054945054944,0.03983516483516483,0.22046703296703296
188,3,3,35,728,0.58,0.022,0.172,2912,0.35233516483516486,0.17616758241758243,0.17616758241758243,0.042582417582417584,0.21668956043956045
189,3,3,36,728,0.58,0.022,0.172,2912,0.39938186813186816,0.17994505494505494,0.21943681318681318,0.044986263736263736,0.20638736263736263
190,3,3,37,728,0.58,0.022,0.172,2912,0.3801510989010989,0.17822802197802198,0.20192307692307693,0.044642857142857144,0.20810439560439561
191,3,3,38,728,0.58,0.022,0.172,2912,0.395260989010989,0.19814560439560439,0.1971153846153846,0.04223901098901099,0.21531593406593408
192,3,3,39,728,0.58,0.022,0.172,2912,0.42788461538461536,0.21428571428571427,0.2135989010989011,0.042925824175824176,0.22184065934065933
193,3,3,40,728,0.58,0.022,0.172,2912,0.42788461538461536,0.2190934065934066,0.2087912087912088,0.044642857142857144,0.23351648351648352
194,3,3,41,728,0.58,0.022,0.172,2912,0.4065934065934066,0.21737637362637363,0.18921703296703296,0.04635989010989011,0.23901098901098902
195,3,3,42,728,0.58,0.022,0.172,2912,0.41208791208791207,0.21634615384615385,0.19574175824175824,0.04532967032967033,0.24278846153846154
196,3,3,43,728,0.58,0.022,0.172,2912,0.4409340659340659,0.22596153846153846,0.21497252747252749,0.040865384615384616,0.24828296703296704
197,3,3,44,728,0.58,0.022,0.172,2912,0.4567307692307692,0.22699175824175824,0.22973901098901098,0.038804945054945056,0.24896978021978022
198,3,3,45,728,0.58,0.022,0.172,2912,0.4296016483516483,0.22973901098901098,0.19986263736263737,0.03708791208791209,0.2503434065934066
199,3,3,46,728,0.58,0.022,0.172,2912,0.41929945054945056,0.2290521978021978,0.19024725274725274,0.04017857142857143,0.2496565934065934
200,3,3,47,728,0.58,0.022,0.172,2912,0.41552197802197804,0.22184065934065933,0.1936813186813187,0.04395604395604396,0.24896978021978022
201,3,3,48,728,0.58,0.022,0.172,2912,0.457760989010989,0.23695054945054944,0.22081043956043955,0.04739010989010989,0.25274725274725274
202,3,3,49,728,0.58,0.022,0.172,2912,0.4543269230769231,0.2544642857142857,0.19986263736263737,0.05631868131868132,0.2544642857142857
203,3,3,50,728,0.58,0.022,0.172,2912,0.45982142857142855,0.2651098901098901,0.19471153846153846,0.061469780219780217,0.2537774725274725
204,4,4,0,728,0.58,0.022,0.172,1456,0.027472527472527472,0.023351648351648352,0.004120879120879121,0.019230769230769232,0.14697802197802198
205,4,4,1,728,0.58,0.022,0.172,2184,0.0673076923076923,0.03891941391941392,0.028388278388278388,0.017857142857142856,0.14606227106227107
206,4,4,2,728,0.58,0.022,0.172,2912,0.14285714285714285,0.05151098901098901,0.09134615384615384,0.015796703296703296,0.14217032967032966
207,4,4,3,728,0.58,0.022,0.172,2912,0.16449175824175824,0.06421703296703296,0.10027472527472528,0.013392857142857142,0.13358516483516483
208,4,4,4,728,0.58,0.022,0.172,2912,0.15865384615384615,0.07074175824175824,0.08791208791208792,0.009958791208791208,0.13255494505494506
209,4,4,5,728,0.58,0.022,0.172,2912,0.14320054945054944,0.06456043956043957,0.07864010989010989,0.007554945054945055,0.13186813186813187
210,4,4,6,728,0.58,0.022,0.172,2912,0.10199175824175824,0.04842032967032967,0.05357142857142857,0.007211538461538462,0.13873626373626374
211,4,4,7,728,0.58,0.022,0.172,2912,0.1346153846153846,0.04189560439560439,0.09271978021978022,0.009271978021978022,0.14148351648351648
212,4,4,8,728,0.58,0.022,0.172,2912,0.15384615384615385,0.04429945054945055,0.1095467032967033,0.01201923076923077,0.14491758241758243
213,4,4,9,728,0.58,0.022,0.172,2912,0.20020604395604397,0.048763736263736264,0.15144230769230768,0.01510989010989011,0.14766483516483517
214,4,4,10,728,0.58,0.022,0.172,2912,0.22802197802197802,0.051167582417582416,0.17685439560439561,0.016140109890109892,0.15418956043956045
215,4,4,11,728,0.58,0.022,0.172,2912,0.24519230769230768,0.059065934065934064,0.18612637362637363,0.017513736263736264,0.16826923076923078
216,4,4,12,728,0.58,0.022,0.172,2912,0.27472527472527475,0.06936813186813187,0.20535714285714285,0.017857142857142856,0.1813186813186813
217,4,4,13,728,0.58,0.022,0.172,2912,0.2541208791208791,0.059409340659340656,0.19471153846153846,0.021634615384615384,0.18475274725274726
218,4,4,14,728,0.58,0.022,0.172,2912,0.2603021978021978,0.05803571428571429,0.20226648351648352,0.025412087912087912,0.18372252747252749
219,4,4,15,728,0.58,0.022,0.172,2912,0.27129120879120877,0.05254120879120879,0.21875,0.027815934065934064,0.18097527472527472
220,4,4,16,728,0.58,0.022,0.172,2912,0.3313873626373626,0.04842032967032967,0.28296703296703296,0.03021978021978022,0.17651098901098902
221,4,4,17,728,0.58,0.022,0.172,2912,0.3399725274725275,0.06833791208791208,0.27163461538461536,0.03125,0.17857142857142858
222,4,4,18,728,0.58,0.022,0.172,2912,0.31902472527472525,0.09031593406593406,0.2287087912087912,0.03125,0.1813186813186813
223,4,4,19,728,0.58,0.022,0.172,2912,0.32554945054945056,0.11092032967032966,0.21462912087912087,0.02918956043956044,0.17479395604395603
224,4,4,20,728,0.58,0.022,0.172,2912,0.32074175824175827,0.13186813186813187,0.18887362637362637,0.02712912087912088,0.16311813186813187
225,4,4,21,728,0.58,0.022,0.172,2912,0.26751373626373626,0.13633241758241757,0.1311813186813187,0.020947802197802196,0.15693681318681318
226,4,4,22,728,0.58,0.022,0.172,2912,0.27300824175824173,0.13873626373626374,0.13427197802197802,0.018543956043956044,0.14182692307692307
227,4,4,23,728,0.58,0.022,0.172,2912,0.2441620879120879,0.1311813186813187,0.11298076923076923,0.018887362637362636,0.13976648351648352
228,4,4,24,728,0.58,0.022,0.172,2912,0.20947802197802198,0.10576923076923077,0.10370879120879122,0.018543956043956044,0.1459478021978022
229,4,4,25,728,0.58,0.022,0.172,2912,0.23523351648351648,0.10336538461538461,0.13186813186813187,0.019917582417582416,0.14526098901098902
230,4,4,26,728,0.58,0.022,0.172,2912,0.2506868131868132,0.10645604395604395,0.14423076923076922,0.019574175824175824,0.15315934065934067
231,4,4,27,728,0.58,0.022,0.172,2912,0.24656593406593408,0.10611263736263736,0.1404532967032967,0.018543956043956044,0.15762362637362637
232,4,4,28,728,0.58,0.022,0.172,2912,0.25171703296703296,0.11469780219780219,0.13701923076923078,0.019574175824175824,0.1565934065934066
233,4,4,29,728,0.58,0.022,0.172,2912,0.23008241758241757,0.10679945054945054,0.12328296703296704,0.02197802197802198,0.16037087912087913
234,4,4,30,728,0.58,0.022,0.172,2912,0.28296703296703296,0.10233516483516483,0.18063186813186813,0.023351648351648352,0.16346153846153846
235,4,4,31,728,0.58,0.022,0.172,2912,0.34993131868131866,0.12946428571428573,0.22046703296703296,0.02403846153846154,0.16792582417582416
236,4,4,32,728,0.58,0.022,0.172,2912,0.3592032967032967,0.14526098901098902,0.21394230769230768,0.02300824175824176,0.17479395604395603
237,4,4,33,728,0.58,0.022,0.172,2912,0.34958791208791207,0.1624313186813187,0.1871565934065934,0.020604395604395604,0.18269230769230768
238,4,4,34,728,0.58,0.022,0.172,2912,0.32108516483516486,0.16483516483516483,0.15625,0.019230769230769232,0.18612637362637363
239,4,4,35,728,0.58,0.022,0.172,2912,0.32623626373626374,0.15418956043956045,0.1720467032967033,0.018200549450549452,0.1871565934065934
240,4,4,36,728,0.58,0.022,0.172,2912,0.292239010989011,0.1311813186813187,0.16105769230769232,0.017513736263736264,0.1875
241,4,4,37,728,0.58,0.022,0.172,2912,0.23592032967032966,0.11263736263736264,0.12328296703296704,0.017170329670329672,0.1820054945054945
242,4,4,38,728,0.58,0.022,0.172,2912,0.20707417582417584,0.10267857142857142,0.1043956043956044,0.017857142857142856,0.1771978021978022
243,4,4,39,728,0.58,0.022,0.172,2912,0.21085164835164835,0.08104395604395605,0.12980769230769232,0.019917582417582416,0.16826923076923078
244,4,4,40,728,0.58,0.022,0.172,2912,0.19883241758241757,0.07967032967032966,0.11916208791208792,0.022664835164835164,0.15934065934065933
245,4,4,41,728,0.58,0.022,0.172,2912,0.19677197802197802,0.08379120879120878,0.11298076923076923,0.026442307692307692,0.15453296703296704
246,4,4,42,728,0.58,0.022,0.172,2912,0.2190934065934066,0.0889423076923077,0.1301510989010989,0.025755494505494504,0.1510989010989011
247,4,4,43,728,0.58,0.022,0.172,2912,0.21978021978021978,0.09615384615384616,0.12362637362637363,0.022664835164835164,0.14903846153846154
248,4,4,44,728,0.58,0.022,0.172,2912,0.260989010989011,0.1095467032967033,0.15144230769230768,0.018543956043956044,0.15247252747252749
249,4,4,45,728,0.58,0.022,0.172,2912,0.26373626373626374,0.12122252747252747,0.14251373626373626,0.012362637362637362,0.15728021978021978
250,4,4,46,728,0.58,0.022,0.172,2912,0.2764423076923077,0.13221153846153846,0.14423076923076922,0.010645604395604396,0.15865384615384615
251,4,4,47,728,0.58,0.022,0.172,2912,0.25686813186813184,0.13564560439560439,0.12122252747252747,0.012706043956043956,0.16037087912087913
252,4,4,48,728,0.58,0.022,0.172,2912,0.2091346153846154,0.12774725274725274,0.08138736263736264,0.016140109890109892,0.15762362637362637
253,4,4,49,728,0.58,0.022,0.172,2912,0.22733516483516483,0.12568681318681318,0.10164835164835165,0.020604395604395604,0.15418956043956045
254,4,4,50,728,0.58,0.022,0.172,2912,0.25927197802197804,0.12431318681318682,0.1349587912087912,0.02197802197802198,0.15556318681318682
255,5,5,0,728,0.58,0.022,0.172,1456,0.03983516483516483,0.03365384615384615,0.006181318681318681,0.027472527472527472,0.16277472527472528
256,5,5,1,728,0.58,0.022,0.172,2184,0.07692307692307693,0.042582417582417584,0.034340659340659344,0.022893772893772892,0.1662087912087912
257,5,5,2,728,0.58,0.022,0.172,2912,0.15865384615384615,0.06043956043956044,0.09821428571428571,0.021634615384615384,0.1614010989010989
258,5,5,3,728,0.58,0.022,0.172,2912,0.1617445054945055,0.07383241758241758,0.08791208791208792,0.018200549450549452,0.15178571428571427
259,5,5,4,728,0.58,0.022,0.172,2912,0.18097527472527472,0.08173076923076923,0.09924450549450549,0.01407967032967033,0.1504120879120879
260,5,5,5,728,0.58,0.022,0.172,2912,0.2029532967032967,0.09409340659340659,0.10885989010989011,0.013736263736263736,0.14320054945054944
261,5,5,6,728,0.58,0.022,0.172,2912,0.23523351648351648,0.09409340659340659,0.1411401098901099,0.013392857142857142,0.14285714285714285
262,5,5,7,728,0.58,0.022,0.172,2912,0.19539835164835165,0.08928571428571429,0.10611263736263736,0.016140109890109892,0.14320054945054944
263,5,5,8,728,0.58,0.022,0.172,2912,0.20570054945054944,0.09340659340659341,0.11229395604395605,0.019574175824175824,0.14285714285714285
264,5,5,9,728,0.58,0.022,0.172,2912,0.2438186813186813,0.09615384615384616,0.14766483516483517,0.020604395604395604,0.1407967032967033
265,5,5,10,728,0.58,0.022,0.172,2912,0.2819368131868132,0.10130494505494506,0.18063186813186813,0.020260989010989012,0.13427197802197802
266,5,5,11,728,0.58,0.022,0.172,2912,0.27232142857142855,0.12190934065934066,0.1504120879120879,0.016826923076923076,0.1311813186813187
267,5,5,12,728,0.58,0.022,0.172,2912,0.24175824175824176,0.12465659340659341,0.11710164835164835,0.013392857142857142,0.1311813186813187
268,5,5,13,728,0.58,0.022,0.172,2912,0.18097527472527472,0.1043956043956044,0.07657967032967034,0.011675824175824176,0.12809065934065933
269,5,5,14,728,0.58,0.022,0.172,2912,0.13633241758241757,0.08379120879120878,0.05254120879120879,0.012362637362637362,0.1308379120879121
270,5,5,15,728,0.58,0.022,0.172,2912,0.11881868131868131,0.06353021978021978,0.055288461538461536,0.013736263736263736,0.13392857142857142
271,5,5,16,728,0.58,0.022,0.172,2912,0.1308379120879121,0.057348901098901096,0.07348901098901099,0.01407967032967033,0.1349587912087912
272,5,5,17,728,0.58,0.022,0.172,2912,0.2132554945054945,0.07898351648351648,0.13427197802197802,0.014766483516483516,0.13976648351648352
273,5,5,18,728,0.58,0.022,0.172,2912,0.2548076923076923,0.09168956043956043,0.16311813186813187,0.013392857142857142,0.14148351648351648
274,5,5,19,728,0.58,0.022,0.172,2912,0.22527472527472528,0.09271978021978022,0.13255494505494506,0.011332417582417582,0.14320054945054944
275,5,5,20,728,0.58,0.022,0.172,2912,0.19814560439560439,0.08138736263736264,0.11675824175824176,0.009615384615384616,0.1462912087912088
276,5,5,21,728,0.58,0.022,0.172,2912,0.17307692307692307,0.054945054945054944,0.11813186813186813,0.009271978021978022,0.14972527472527472
277,5,5,22,728,0.58,0.022,0.172,2912,0.13221153846153846,0.03811813186813187,0.09409340659340659,0.009615384615384616,0.15350274725274726
278,5,5,23,728,0.58,0.022,0.172,2912,0.1311813186813187,0.032280219780219783,0.0989010989010989,0.010302197802197802,0.15865384615384615
279,5,5,24,728,0.58,0.022,0.172,2912,0.14354395604395603,0.04120879120879121,0.10233516483516483,0.01201923076923077,0.16071428571428573
280,5,5,25,728,0.58,0.022,0.172,2912,0.16929945054945056,0.057005494505494504,0.11229395604395605,0.011675824175824176,0.1617445054945055
281,5,5,26,728,0.58,0.022,0.172,2912,0.17685439560439561,0.059065934065934064,0.11778846153846154,0.01407967032967033,0.1617445054945055
282,5,5,27,728,0.58,0.022,0.172,2912,0.17445054945054944,0.06043956043956044,0.11401098901098901,0.014766483516483516,0.15625
283,5,5,28,728,0.58,0.022,0.172,2912,0.1723901098901099,0.050824175824175824,0.12156593406593406,0.013392857142857142,0.1559065934065934
284,5,5,29,728,0.58,0.022,0.172,2912,0.21462912087912087,0.04223901098901099,0.1723901098901099,0.012362637362637362,0.16105769230769232
285,5,5,30,728,0.58,0.022,0.172,2912,0.2129120879120879,0.03708791208791209,0.17582417582417584,0.009958791208791208,0.16414835164835165
286,5,5,31,728,0.58,0.022,0.172,2912,0.17479395604395603,0.028846153846153848,0.1459478021978022,0.009271978021978022,0.16758241758241757
287,5,5,32,728,0.58,0.022,0.172,2912,0.1565934065934066,0.02197802197802198,0.1346153846153846,0.009271978021978022,0.15934065934065933
288,5,5,33,728,0.58,0.022,0.172,2912,0.15453296703296704,0.009615384615384616,0.14491758241758243,0.008585164835164836,0.15418956043956045
289,5,5,34,728,0.58,0.022,0.172,2912,0.17857142857142858,0.0037774725274725275,0.17479395604395603,0.006524725274725275,0.1559065934065934
290,5,5,35,728,0.58,0.022,0.172,2912,0.17445054945054944,0.0,0.17445054945054944,0.007554945054945055,0.16105769230769232
291,5,5,36,728,0.58,0.022,0.172,2912,0.14285714285714285,0.0,0.14285714285714285,0.007554945054945055,0.1717032967032967
292,5,5,37,728,0.58,0.022,0.172,2912,0.14388736263736263,0.0,0.14388736263736263,0.008928571428571428,0.17410714285714285
293,5,5,38,728,0.58,0.022,0.172,2912,0.18269230769230768,0.0,0.18269230769230768,0.013392857142857142,0.16826923076923078
294,5,5,39,728,0.58,0.022,0.172,2912,0.1875,0.0,0.1875,0.017170329670329672,0.16346153846153846
295,5,5,40,728,0.58,0.022,0.172,2912,0.23832417582417584,0.0,0.23832417582417584,0.021634615384615384,0.15796703296703296
296,5,5,41,728,0.58,0.022,0.172,2912,0.3080357142857143,0.0,0.3080357142857143,0.022321428571428572,0.15968406593406592
297,5,5,42,728,0.58,0.022,0.172,2912,0.30322802197802196,0.0,0.30322802197802196,0.020604395604395604,0.16826923076923078
298,5,5,43,728,0.58,0.022,0.172,2912,0.2956730769230769,0.0,0.2956730769230769,0.018543956043956044,0.16483516483516483
299,5,5,44,728,0.58,0.022,0.172,2912,0.2245879120879121,0.0,0.2245879120879121,0.015796703296703296,0.15968406593406592
300,5,5,45,728,0.58,0.022,0.172,2912,0.1878434065934066,0.0,0.1878434065934066,0.016483516483516484,0.15315934065934067
301,5,5,46,728,0.58,0.022,0.172,2912,0.17273351648351648,0.0,0.17273351648351648,0.017170329670329672,0.14526098901098902
302,5,5,47,728,0.58,0.022,0.172,2912,0.2032967032967033,0.0,0.2032967032967033,0.016483516483516484,0.15247252747252749
303,5,5,48,728,0.58,0.022,0.172,2912,0.21153846153846154,0.0,0.21153846153846154,0.015796703296703296,0.16071428571428573
304,5,5,49,728,0.58,0.022,0.172,2912,0.21222527472527472,0.0,0.21222527472527472,0.01510989010989011,0.16414835164835165
305,5,5,50,728,0.58,0.022,0.172,2912,0.24553571428571427,0.0,0.24553571428571427,0.013736263736263736,0.16346153846153846
306,6,6,0,728,0.58,0.022,0.172,1456,0.03914835164835165,0.03296703296703297,0.006181318681318681,0.025412087912087912,0.16552197802197802
307,6,6,1,728,0.58,0.022,0.172,2184,0.08058608058608059,0.04532967032967033,0.035256410256410256,0.02564102564102564,0.15934065934065933
308,6,6,2,728,0.58,0.022,0.172,2912,0.19127747252747251,0.06833791208791208,0.12293956043956043,0.02300824175824176,0.16002747252747251
309,6,6,3,728,0.58,0.022,0.172,2912,0.21668956043956045,0.08447802197802198,0.13221153846153846,0.021634615384615384,0.15899725274725274
310,6,6,4,728,0.58,0.022,0.172,2912,0.22046703296703296,0.09958791208791208,0.12087912087912088,0.018887362637362636,0.16277472527472528
311,6,6,5,728,0.58,0.022,0.172,2912,0.2132554945054945,0.09718406593406594,0.11607142857142858,0.016483516483516484,0.16998626373626374
312,6,6,6,728,0.58,0.022,0.172,2912,0.21875,0.08447802197802198,0.13427197802197802,0.018887362637362636,0.17445054945054944
313,6,6,7,728,0.58,0.022,0.172,2912,0.2087912087912088,0.08173076923076923,0.12706043956043955,0.020947802197802196,0.18097527472527472
314,6,6,8,728,0.58,0.022,0.172,2912,0.19848901098901098,0.07417582417582418,0.12431318681318682,0.02197802197802198,0.19024725274725274
315,6,6,9,728,0.58,0.022,0.172,2912,0.20604395604395603,0.07898351648351648,0.12706043956043955,0.022321428571428572,0.19848901098901098
316,6,6,10,728,0.58,0.022,0.172,2912,0.22046703296703296,0.07211538461538461,0.14835164835164835,0.02197802197802198,0.2026098901098901
317,6,6,11,728,0.58,0.022,0.172,2912,0.2036401098901099,0.06078296703296703,0.14285714285714285,0.020604395604395604,0.19848901098901098
318,6,6,12,728,0.58,0.022,0.172,2912,0.2338598901098901,0.057692307692307696,0.17616758241758243,0.020260989010989012,0.18853021978021978
319,6,6,13,728,0.58,0.022,0.172,2912,0.27953296703296704,0.057692307692307696,0.22184065934065933,0.020604395604395604,0.1771978021978022
320,6,6,14,728,0.58,0.022,0.172,2912,0.2864010989010989,0.06524725274725275,0.22115384615384615,0.019230769230769232,0.16483516483516483
321,6,6,15,728,0.58,0.022,0.172,2912,0.26373626373626374,0.0831043956043956,0.18063186813186813,0.018543956043956044,0.15728021978021978
322,6,6,16,728,0.58,0.022,0.172,2912,0.21497252747252749,0.08035714285714286,0.1346153846153846,0.017170329670329672,0.14972527472527472
323,6,6,17,728,0.58,0.022,0.172,2912,0.1933379120879121,0.07692307692307693,0.11641483516483517,0.01510989010989011,0.14560439560439561
324,6,6,18,728,0.58,0.022,0.172,2912,0.18303571428571427,0.07108516483516483,0.11195054945054946,0.011675824175824176,0.14320054945054944
325,6,6,19,728,0.58,0.022,0.172,2912,0.17410714285714285,0.061469780219780217,0.11263736263736264,0.007554945054945055,0.13942307692307693
326,6,6,20,728,0.58,0.022,0.172,2912,0.14491758241758243,0.057348901098901096,0.08756868131868131,0.005494505494505495,0.1349587912087912
327,6,6,21,728,0.58,0.022,0.172,2912,0.13427197802197802,0.049107142857142856,0.08516483516483517,0.004464285714285714,0.12912087912087913
328,6,6,22,728,0.58,0.022,0.172,2912,0.13186813186813187,0.03949175824175824,0.09237637362637363,0.005837912087912088,0.13152472527472528
329,6,6,23,728,0.58,0.022,0.172,2912,0.10782967032967034,0.0260989010989011,0.08173076923076923,0.007211538461538462,0.13736263736263737
330,6,6,24,728,0.58,0.022,0.172,2912,0.12190934065934066,0.02506868131868132,0.09684065934065934,0.009615384615384616,0.1500686813186813
331,6,6,25,728,0.58,0.022,0.172,2912,0.13289835164835165,0.02300824175824176,0.10989010989010989,0.01201923076923077,0.16311813186813187
332,6,6,26,728,0.58,0.022,0.172,2912,0.16723901098901098,0.02815934065934066,0.13907967032967034,0.015796703296703296,0.16689560439560439
333,6,6,27,728,0.58,0.022,0.172,2912,0.18921703296703296,0.03365384615384615,0.15556318681318682,0.019917582417582416,0.1617445054945055
334,6,6,28,728,0.58,0.022,0.172,2912,0.20089285714285715,0.038804945054945056,0.1620879120879121,0.02197802197802198,0.1507554945054945
335,6,6,29,728,0.58,0.022,0.172,2912,0.19436813186813187,0.044986263736263736,0.14938186813186813,0.022321428571428572,0.13839285714285715
336,6,6,30,728,0.58,0.022,0.172,2912,0.18921703296703296,0.04567307692307692,0.14354395604395603,0.020604395604395604,0.13873626373626374
337,6,6,31,728,0.58,0.022,0.172,2912,0.21188186813186813,0.055288461538461536,0.1565934065934066,0.019574175824175824,0.14560439560439561
338,6,6,32,728,0.58,0.022,0.172,2912,0.19539835164835165,0.05803571428571429,0.13736263736263737,0.018887362637362636,0.15728021978021978
339,6,6,33,728,0.58,0.022,0.172,2912,0.2132554945054945,0.06284340659340659,0.1504120879120879,0.017857142857142856,0.1723901098901099
340,6,6,34,728,0.58,0.022,0.172,2912,0.25137362637362637,0.07074175824175824,0.18063186813186813,0.019230769230769232,0.1775412087912088
341,6,6,35,728,0.58,0.022,0.172,2912,0.25721153846153844,0.07692307692307693,0.18028846153846154,0.019230769230769232,0.17891483516483517
342,6,6,36,728,0.58,0.022,0.172,2912,0.22115384615384615,0.07383241758241758,0.14732142857142858,0.018887362637362636,0.18337912087912087
343,6,6,37,728,0.58,0.022,0.172,2912,0.23557692307692307,0.07657967032967034,0.15899725274725274,0.02300824175824176,0.18578296703296704
344,6,6,38,728,0.58,0.022,0.172,2912,0.28296703296703296,0.08104395604395605,0.20192307692307693,0.025412087912087912,0.18681318681318682
345,6,6,39,728,0.58,0.022,0.172,2912,0.29395604395604397,0.07864010989010989,0.21531593406593408,0.025412087912087912,0.1971153846153846
346,6,6,40,728,0.58,0.022,0.172,2912,0.3289835164835165,0.09340659340659341,0.23557692307692307,0.029876373626373628,0.19848901098901098
347,6,6,41,728,0.58,0.022,0.172,2912,0.3592032967032967,0.10611263736263736,0.25309065934065933,0.028846153846153848,0.20054945054945056
348,6,6,42,728,0.58,0.022,0.172,2912,0.35199175824175827,0.11675824175824176,0.23523351648351648,0.02918956043956044,0.20535714285714285
349,6,6,43,728,0.58,0.022,0.172,2912,0.36744505494505497,0.1407967032967033,0.22664835164835165,0.029532967032967032,0.20707417582417584
350,6,6,44,728,0.58,0.022,0.172,2912,0.35061813186813184,0.1565934065934066,0.19402472527472528,0.029876373626373628,0.20707417582417584
351,6,6,45,728,0.58,0.022,0.172,2912,0.34065934065934067,0.16552197802197802,0.17513736263736263,0.034684065934065936,0.21428571428571427
352,6,6,46,728,0.58,0.022,0.172,2912,0.32108516483516486,0.16826923076923078,0.15281593406593408,0.03777472527472527,0.21943681318681318
353,6,6,47,728,0.58,0.022,0.172,2912,0.35714285714285715,0.16723901098901098,0.18990384615384615,0.044642857142857144,0.2283653846153846
354,6,6,48,728,0.58,0.022,0.172,2912,0.3873626373626374,0.1720467032967033,0.21531593406593408,0.04807692307692308,0.24587912087912087
355,6,6,49,728,0.58,0.022,0.172,2912,0.395260989010989,0.17307692307692307,0.22218406593406592,0.04739010989010989,0.25240384615384615
356,6,6,50,728,0.58,0.022,0.172,2912,0.4114010989010989,0.19059065934065933,0.22081043956043955,0.04601648351648352,0.25927197802197804
357,7,7,0,728,0.58,0.022,0.172,1456,0.038461538461538464,0.03296703296703297,0.005494505494505495,0.022664835164835164,0.18681318681318682
358,7,7,1,728,0.58,0.022,0.172,2184,0.07051282051282051,0.04395604395604396,0.026556776556776556,0.02197802197802198,0.1891025641025641
359,7,7,2,728,0.58,0.022,0.172,2912,0.19642857142857142,0.06421703296703296,0.13221153846153846,0.02197802197802198,0.19608516483516483
360,7,7,3,728,0.58,0.022,0.172,2912,0.2578983516483517,0.08447802197802198,0.17342032967032966,0.021291208791208792,0.19608516483516483
361,7,7,4,728,0.58,0.022,0.172,2912,0.27506868131868134,0.09237637362637363,0.18269230769230768,0.020947802197802196,0.19951923076923078
362,7,7,5,728,0.58,0.022,0.172,2912,0.2977335164835165,0.09443681318681318,0.2032967032967033,0.022321428571428572,0.20020604395604397
363,7,7,6,728,0.58,0.022,0.172,2912,0.30631868131868134,0.0885989010989011,0.21771978021978022,0.024725274725274724,0.19196428571428573
364,7,7,7,728,0.58,0.022,0.172,2912,0.28331043956043955,0.08276098901098901,0.20054945054945056,0.025412087912087912,0.19539835164835165
365,7,7,8,728,0.58,0.022,0.172,2912,0.32005494505494503,0.09478021978021978,0.22527472527472528,0.025412087912087912,0.18853021978021978
366,7,7,9,728,0.58,0.022,0.172,2912,0.3128434065934066,0.0989010989010989,0.21394230769230768,0.024381868131868132,0.18475274725274726
367,7,7,10,728,0.58,0.022,0.172,2912,0.28949175824175827,0.09993131868131869,0.18956043956043955,0.020604395604395604,0.18269230769230768
368,7,7,11,728,0.58,0.022,0.172,2912,0.27403846153846156,0.10130494505494506,0.17273351648351648,0.017513736263736264,0.18063186813186813
369,7,7,12,728,0.58,0.022,0.172,2912,0.25721153846153844,0.09615384615384616,0.16105769230769232,0.017513736263736264,0.17925824175824176
370,7,7,13,728,0.58,0.022,0.172,2912,0.2345467032967033,0.08825549450549451,0.1462912087912088,0.017513736263736264,0.17376373626373626
371,7,7,14,728,0.58,0.022,0.172,2912,0.23729395604395603,0.0831043956043956,0.15418956043956045,0.020604395604395604,0.16483516483516483
372,7,7,15,728,0.58,0.022,0.172,2912,0.25755494505494503,0.08928571428571429,0.16826923076923078,0.022664835164835164,0.15144230769230768
373,7,7,16,728,0.58,0.022,0.172,2912,0.24896978021978022,0.08653846153846154,0.1624313186813187,0.021291208791208792,0.1500686813186813
374,7,7,17,728,0.58,0.022,0.172,2912,0.25824175824175827,0.10267857142857142,0.15556318681318682,0.017857142857142856,0.15831043956043955
375,7,7,18,728,0.58,0.022,0.172,2912,0.2973901098901099,0.12156593406593406,0.17582417582417584,0.013392857142857142,0.17273351648351648
376,7,7,19,728,0.58,0.022,0.172,2912,0.2503434065934066,0.11057692307692307,0.13976648351648352,0.011675824175824176,0.18406593406593408
377,7,7,20,728,0.58,0.022,0.172,2912,0.2029532967032967,0.0985576923076923,0.1043956043956044,0.01201923076923077,0.18543956043956045
378,7,7,21,728,0.58,0.022,0.172,2912,0.2036401098901099,0.08276098901098901,0.12087912087912088,0.014423076923076924,0.17822802197802198
379,7,7,22,728,0.58,0.022,0.172,2912,0.20157967032967034,0.061126373626373624,0.1404532967032967,0.015796703296703296,0.1723901098901099
380,7,7,23,728,0.58,0.022,0.172,2912,0.2125686813186813,0.05460164835164835,0.15796703296703296,0.014423076923076924,0.1617445054945055
381,7,7,24,728,0.58,0.022,0.172,2912,0.20432692307692307,0.05563186813186813,0.14869505494505494,0.013392857142857142,0.1504120879120879
382,7,7,25,728,0.58,0.022,0.172,2912,0.20123626373626374,0.057005494505494504,0.14423076923076922,0.011332417582417582,0.1404532967032967
383,7,7,26,728,0.58,0.022,0.172,2912,0.17445054945054944,0.051167582417582416,0.12328296703296704,0.009271978021978022,0.1301510989010989
384,7,7,27,728,0.58,0.022,0.172,2912,0.18475274725274726,0.05872252747252747,0.12603021978021978,0.007898351648351648,0.1353021978021978
385,7,7,28,728,0.58,0.022,0.172,2912,0.18372252747252749,0.07005494505494506,0.11366758241758242,0.007898351648351648,0.13873626373626374
386,7,7,29,728,0.58,0.022,0.172,2912,0.18578296703296704,0.08001373626373626,0.10576923076923077,0.006868131868131868,0.14217032967032966
387,7,7,30,728,0.58,0.022,0.172,2912,0.17410714285714285,0.08550824175824176,0.0885989010989011,0.007554945054945055,0.14320054945054944
388,7,7,31,728,0.58,0.022,0.172,2912,0.18028846153846154,0.0831043956043956,0.09718406593406594,0.007554945054945055,0.13701923076923078
389,7,7,32,728,0.58,0.022,0.172,2912,0.16895604395604397,0.06833791208791208,0.10061813186813187,0.006868131868131868,0.13633241758241757
390,7,7,33,728,0.58,0.022,0.172,2912,0.16689560439560439,0.05048076923076923,0.11641483516483517,0.007554945054945055,0.13770604395604397
391,7,7,34,728,0.58,0.022,0.172,2912,0.1311813186813187,0.036057692307692304,0.09512362637362637,0.007554945054945055,0.14457417582417584
392,7,7,35,728,0.58,0.022,0.172,2912,0.15625,0.026785714285714284,0.12946428571428573,0.010645604395604396,0.14938186813186813
393,7,7,36,728,0.58,0.022,0.172,2912,0.2026098901098901,0.03365384615384615,0.16895604395604397,0.014423076923076924,0.14972527472527472
394,7,7,37,728,0.58,0.022,0.172,2912,0.23282967032967034,0.0415521978021978,0.19127747252747251,0.016826923076923076,0.1507554945054945
395,7,7,38,728,0.58,0.022,0.172,2912,0.25961538461538464,0.05048076923076923,0.2091346153846154,0.019574175824175824,0.1459478021978022
396,7,7,39,728,0.58,0.022,0.172,2912,0.24622252747252749,0.05872252747252747,0.1875,0.019230769230769232,0.14251373626373626
397,7,7,40,728,0.58,0.022,0.172,2912,0.23042582417582416,0.05631868131868132,0.17410714285714285,0.016826923076923076,0.13736263736263737
398,7,7,41,728,0.58,0.022,0.172,2912,0.20673076923076922,0.04773351648351648,0.15899725274725274,0.014423076923076924,0.1304945054945055
399,7,7,42,728,0.58,0.022,0.172,2912,0.2029532967032967,0.046703296703296704,0.15625,0.013392857142857142,0.12259615384615384
400,7,7,43,728,0.58,0.022,0.172,2912,0.17960164835164835,0.04223901098901099,0.13736263736263737,0.011675824175824176,0.11778846153846154
401,7,7,44,728,0.58,0.022,0.172,2912,0.15178571428571427,0.03571428571428571,0.11607142857142858,0.011332417582417582,0.11469780219780219
402,7,7,45,728,0.58,0.022,0.172,2912,0.16311813186813187,0.03571428571428571,0.12740384615384615,0.011675824175824176,0.11057692307692307
403,7,7,46,728,0.58,0.022,0.172,2912,0.14491758241758243,0.03502747252747253,0.10989010989010989,0.010302197802197802,0.1095467032967033
404,7,7,47,728,0.58,0.022,0.172,2912,0.12843406593406592,0.036057692307692304,0.09237637362637363,0.008585164835164836,0.10542582417582418
405,7,7,48,728,0.58,0.022,0.172,2912,0.15556318681318682,0.042925824175824176,0.11263736263736264,0.006181318681318681,0.10508241758241758
406,7,7,49,728,0.58,0.022,0.172,2912,0.16964285714285715,0.04567307692307692,0.12396978021978022,0.004120879120879121,0.10679945054945054
407,7,7,50,728,0.58,0.022,0.172,2912,0.11263736263736264,0.03537087912087912,0.07726648351648352,0.001717032967032967,0.10714285714285714
408,8,8,0,728,0.58,0.022,0.172,1456,0.03777472527472527,0.030906593406593408,0.006868131868131868,0.028846153846153848,0.1936813186813187
409,8,8,1,728,0.58,0.022,0.172,2184,0.08058608058608059,0.04075091575091575,0.03983516483516483,0.027472527472527472,0.19734432234432234
410,8,8,2,728,0.58,0.022,0.172,2912,0.22046703296703296,0.05803571428571429,0.1624313186813187,0.03125,0.18921703296703296
411,8,8,3,728,0.58,0.022,0.172,2912,0.27300824175824173,0.06799450549450549,0.20501373626373626,0.030906593406593408,0.19059065934065933
412,8,8,4,728,0.58,0.022,0.172,2912,0.30288461538461536,0.08344780219780219,0.21943681318681318,0.02918956043956044,0.1974587912087912
413,8,8,5,728,0.58,0.022,0.172,2912,0.36092032967032966,0.09993131868131869,0.260989010989011,0.029876373626373628,0.19951923076923078
414,8,8,6,728,0.58,0.022,0.172,2912,0.32589285714285715,0.08791208791208792,0.23798076923076922,0.022321428571428572,0.20398351648351648
415,8,8,7,728,0.58,0.022,0.172,2912,0.3021978021978022,0.08585164835164835,0.21634615384615385,0.018543956043956044,0.19917582417582416
416,8,8,8,728,0.58,0.022,0.172,2912,0.28125,0.08035714285714286,0.20089285714285715,0.016483516483516484,0.18303571428571427
417,8,8,9,728,0.58,0.022,0.172,2912,0.21978021978021978,0.05597527472527473,0.16380494505494506,0.014423076923076924,0.1717032967032967
418,8,8,10,728,0.58,0.022,0.172,2912,0.20810439560439561,0.05048076923076923,0.15762362637362637,0.01510989010989011,0.17067307692307693
419,8,8,11,728,0.58,0.022,0.172,2912,0.23626373626373626,0.0415521978021978,0.19471153846153846,0.018887362637362636,0.17273351648351648
420,8,8,12,728,0.58,0.022,0.172,2912,0.2245879120879121,0.03571428571428571,0.18887362637362637,0.020604395604395604,0.17410714285714285
421,8,8,13,728,0.58,0.022,0.172,2912,0.23523351648351648,0.03811813186813187,0.1971153846153846,0.020947802197802196,0.17822802197802198
422,8,8,14,728,0.58,0.022,0.172,2912,0.2603021978021978,0.04601648351648352,0.21428571428571427,0.023695054945054944,0.1813186813186813
423,8,8,15,728,0.58,0.022,0.172,2912,0.26717032967032966,0.059065934065934064,0.20810439560439561,0.023695054945054944,0.18509615384615385
424,8,8,16,728,0.58,0.022,0.172,2912,0.30563186813186816,0.06353021978021978,0.24210164835164835,0.02300824175824176,0.19814560439560439
425,8,8,17,728,0.58,0.022,0.172,2912,0.3313873626373626,0.07417582417582418,0.25721153846153844,0.025412087912087912,0.20123626373626374
426,8,8,18,728,0.58,0.022,0.172,2912,0.33379120879120877,0.0782967032967033,0.2554945054945055,0.027472527472527472,0.19986263736263737
427,8,8,19,728,0.58,0.022,0.172,2912,0.3159340659340659,0.08104395604395605,0.2348901098901099,0.02918956043956044,0.19917582417582416
428,8,8,20,728,0.58,0.022,0.172,2912,0.32108516483516486,0.09718406593406594,0.2239010989010989,0.032280219780219783,0.19127747252747251
429,8,8,21,728,0.58,0.022,0.172,2912,0.3399725274725275,0.12980769230769232,0.21016483516483517,0.033997252747252744,0.19093406593406592
430,8,8,22,728,0.58,0.022,0.172,2912,0.3581730769230769,0.15693681318681318,0.20123626373626374,0.032623626373626376,0.19574175824175824
431,8,8,23,728,0.58,0.022,0.172,2912,0.35130494505494503,0.18406593406593408,0.16723901098901098,0.03365384615384615,0.19814560439560439
432,8,8,24,728,0.58,0.022,0.172,2912,0.3866758241758242,0.2132554945054945,0.17342032967032966,0.034684065934065936,0.1978021978021978
433,8,8,25,728,0.58,0.022,0.172,2912,0.364010989010989,0.21153846153846154,0.15247252747252749,0.03502747252747253,0.19539835164835165
434,8,8,26,728,0.58,0.022,0.172,2912,0.37774725274725274,0.21050824175824176,0.16723901098901098,0.033997252747252744,0.18990384615384615
435,8,8,27,728,0.58,0.022,0.172,2912,0.36504120879120877,0.20638736263736263,0.15865384615384615,0.032280219780219783,0.18578296703296704
436,8,8,28,728,0.58,0.022,0.172,2912,0.35061813186813184,0.19127747252747251,0.15934065934065933,0.029532967032967032,0.1820054945054945
437,8,8,29,728,0.58,0.022,0.172,2912,0.3131868131868132,0.17513736263736263,0.13804945054945056,0.025755494505494504,0.18406593406593408
438,8,8,30,728,0.58,0.022,0.172,2912,0.32005494505494503,0.16105769230769232,0.15899725274725274,0.024381868131868132,0.1820054945054945
439,8,8,31,728,0.58,0.022,0.172,2912,0.31112637362637363,0.15178571428571427,0.15934065934065933,0.023351648351648352,0.17960164835164835
440,8,8,32,728,0.58,0.022,0.172,2912,0.26820054945054944,0.12946428571428573,0.13873626373626374,0.024725274725274724,0.17685439560439561
441,8,8,33,728,0.58,0.022,0.172,2912,0.26270604395604397,0.12225274725274725,0.1404532967032967,0.0260989010989011,0.17513736263736263
442,8,8,34,728,0.58,0.022,0.172,2912,0.28743131868131866,0.13186813186813187,0.15556318681318682,0.028846153846153848,0.18028846153846154
443,8,8,35,728,0.58,0.022,0.172,2912,0.323489010989011,0.14869505494505494,0.17479395604395603,0.028846153846153848,0.18956043956043955
444,8,8,36,728,0.58,0.022,0.172,2912,0.33413461538461536,0.1658653846153846,0.16826923076923078,0.029876373626373628,0.1971153846153846
445,8,8,37,728,0.58,0.022,0.172,2912,0.3313873626373626,0.1775412087912088,0.15384615384615385,0.02815934065934066,0.20054945054945056
446,8,8,38,728,0.58,0.022,0.172,2912,0.28811813186813184,0.1620879120879121,0.12603021978021978,0.026442307692307692,0.20192307692307693
447,8,8,39,728,0.58,0.022,0.172,2912,0.25927197802197804,0.13667582417582416,0.12259615384615384,0.024381868131868132,0.19574175824175824
448,8,8,40,728,0.58,0.022,0.172,2912,0.25755494505494503,0.12637362637362637,0.1311813186813187,0.020604395604395604,0.19162087912087913
449,8,8,41,728,0.58,0.022,0.172,2912,0.26854395604395603,0.12053571428571429,0.14800824175824176,0.019917582417582416,0.18406593406593408
450,8,8,42,728,0.58,0.022,0.172,2912,0.260989010989011,0.11744505494505494,0.14354395604395603,0.019574175824175824,0.17548076923076922
451,8,8,43,728,0.58,0.022,0.172,2912,0.23901098901098902,0.11332417582417582,0.12568681318681318,0.017857142857142856,0.17548076923076922
452,8,8,44,728,0.58,0.022,0.172,2912,0.21978021978021978,0.09787087912087912,0.12190934065934066,0.015453296703296704,0.1775412087912088
453,8,8,45,728,0.58,0.022,0.172,2912,0.23626373626373626,0.09443681318681318,0.14182692307692307,0.01304945054945055,0.18269230769230768
454,8,8,46,728,0.58,0.022,0.172,2912,0.17891483516483517,0.08035714285714286,0.0985576923076923,0.009615384615384616,0.18887362637362637
455,8,8,47,728,0.58,0.022,0.172,2912,0.1658653846153846,0.06868131868131869,0.09718406593406594,0.008241758241758242,0.1823489010989011
456,8,8,48,728,0.58,0.022,0.172,2912,0.1466346153846154,0.06490384615384616,0.08173076923076923,0.007898351648351648,0.17479395604395603
457,8,8,49,728,0.58,0.022,0.172,2912,0.15247252747252749,0.049107142857142856,0.10336538461538461,0.008241758241758242,0.16311813186813187
458,8,8,50,728,0.58,0.022,0.172,2912,0.15728021978021978,0.04395604395604396,0.11332417582417582,0.009271978021978022,0.14560439560439561
459,9,9,0,728,0.58,0.022,0.172,1456,0.029532967032967032,0.024725274725274724,0.004807692307692308,0.013736263736263736,0.18956043956043955
460,9,9,1,728,0.58,0.022,0.172,2184,0.07509157509157509,0.040293040293040296,0.0347985347985348,0.016483516483516484,0.19139194139194138
461,9,9,2,728,0.58,0.022,0.172,2912,0.18440934065934067,0.059752747252747256,0.12465659340659341,0.017513736263736264,0.1978021978021978
462,9,9,3,728,0.58,0.022,0.172,2912,0.20707417582417584,0.07142857142857142,0.13564560439560439,0.018200549450549452,0.20776098901098902
463,9,9,4,728,0.58,0.022,0.172,2912,0.22699175824175824,0.08241758241758242,0.14457417582417584,0.020260989010989012,0.20054945054945056
464,9,9,5,728,0.58,0.022,0.172,2912,0.20982142857142858,0.08344780219780219,0.12637362637362637,0.020260989010989012,0.20192307692307693
465,9,9,6,728,0.58,0.022,0.172,2912,0.22973901098901098,0.08241758241758242,0.14732142857142858,0.022321428571428572,0.19917582417582416
466,9,9,7,728,0.58,0.022,0.172,2912,0.24553571428571427,0.10199175824175824,0.14354395604395603,0.024725274725274724,0.19677197802197802
467,9,9,8,728,0.58,0.022,0.172,2912,0.2654532967032967,0.11675824175824176,0.14869505494505494,0.028846153846153848,0.19677197802197802
468,9,9,9,728,0.58,0.022,0.172,2912,0.30940934065934067,0.14423076923076922,0.16517857142857142,0.032280219780219783,0.19883241758241757
469,9,9,10,728,0.58,0.022,0.172,2912,0.33791208791208793,0.1617445054945055,0.17616758241758243,0.03125,0.20570054945054944
470,9,9,11,728,0.58,0.022,0.172,2912,0.31902472527472525,0.15899725274725274,0.16002747252747251,0.02918956043956044,0.20982142857142858
471,9,9,12,728,0.58,0.022,0.172,2912,0.32005494505494503,0.15693681318681318,0.16311813186813187,0.026442307692307692,0.21394230769230768
472,9,9,13,728,0.58,0.022,0.172,2912,0.2956730769230769,0.14251373626373626,0.15315934065934067,0.027472527472527472,0.20982142857142858
473,9,9,14,728,0.58,0.022,0.172,2912,0.2668269230769231,0.1301510989010989,0.13667582417582416,0.028846153846153848,0.20776098901098902
474,9,9,15,728,0.58,0.022,0.172,2912,0.31490384615384615,0.13770604395604397,0.1771978021978022,0.03502747252747253,0.20398351648351648
475,9,9,16,728,0.58,0.022,0.172,2912,0.35748626373626374,0.15693681318681318,0.20054945054945056,0.036744505494505496,0.20226648351648352
476,9,9,17,728,0.58,0.022,0.172,2912,0.3444368131868132,0.16552197802197802,0.17891483516483517,0.033997252747252744,0.20226648351648352
477,9,9,18,728,0.58,0.022,0.172,2912,0.38083791208791207,0.18543956043956045,0.19539835164835165,0.03125,0.19471153846153846
478,9,9,19,728,0.58,0.022,0.172,2912,0.3695054945054945,0.18887362637362637,0.18063186813186813,0.024725274725274724,0.19539835164835165
479,9,9,20,728,0.58,0.022,0.172,2912,0.33722527472527475,0.1713598901098901,0.1658653846153846,0.024725274725274724,0.19127747252747251
480,9,9,21,728,0.58,0.022,0.172,2912,0.3114697802197802,0.16311813186813187,0.14835164835164835,0.023695054945054944,0.19162087912087913
481,9,9,22,728,0.58,0.022,0.172,2912,0.27541208791208793,0.1349587912087912,0.1404532967032967,0.025755494505494504,0.1926510989010989
482,9,9,23,728,0.58,0.022,0.172,2912,0.2850274725274725,0.11950549450549451,0.16552197802197802,0.027815934065934064,0.19093406593406592
483,9,9,24,728,0.58,0.022,0.172,2912,0.3083791208791209,0.13152472527472528,0.17685439560439561,0.026785714285714284,0.19402472527472528
484,9,9,25,728,0.58,0.022,0.172,2912,0.3492445054945055,0.14285714285714285,0.20638736263736263,0.03021978021978022,0.19024725274725274
485,9,9,26,728,0.58,0.022,0.172,2912,0.34581043956043955,0.1559065934065934,0.18990384615384615,0.03537087912087912,0.18818681318681318
486,9,9,27,728,0.58,0.022,0.172,2912,0.35302197802197804,0.17032967032967034,0.18269230769230768,0.03502747252747253,0.1971153846153846
487,9,9,28,728,0.58,0.022,0.172,2912,0.3897664835164835,0.17994505494505494,0.20982142857142858,0.03571428571428571,0.20707417582417584
488,9,9,29,728,0.58,0.022,0.172,2912,0.42342032967032966,0.19436813186813187,0.2290521978021978,0.034684065934065936,0.21565934065934067
489,9,9,30,728,0.58,0.022,0.172,2912,0.3787774725274725,0.18887362637362637,0.18990384615384615,0.02815934065934066,0.2245879120879121
490,9,9,31,728,0.58,0.022,0.172,2912,0.33516483516483514,0.1775412087912088,0.15762362637362637,0.025412087912087912,0.21085164835164835
491,9,9,32,728,0.58,0.022,0.172,2912,0.29052197802197804,0.1462912087912088,0.14423076923076922,0.021634615384615384,0.19471153846153846
492,9,9,33,728,0.58,0.022,0.172,2912,0.2578983516483517,0.11263736263736264,0.14526098901098902,0.016826923076923076,0.18578296703296704
493,9,9,34,728,0.58,0.022,0.172,2912,0.24553571428571427,0.09821428571428571,0.14732142857142858,0.015796703296703296,0.1713598901098901
494,9,9,35,728,0.58,0.022,0.172,2912,0.23282967032967034,0.07589285714285714,0.15693681318681318,0.01510989010989011,0.16998626373626374
495,9,9,36,728,0.58,0.022,0.172,2912,0.24278846153846154,0.0676510989010989,0.17513736263736263,0.015453296703296704,0.17376373626373626
496,9,9,37,728,0.58,0.022,0.172,2912,0.25858516483516486,0.05391483516483517,0.20467032967032966,0.015453296703296704,0.16861263736263737
497,9,9,38,728,0.58,0.022,0.172,2912,0.23282967032967034,0.05597527472527473,0.17685439560439561,0.014423076923076924,0.16037087912087913
498,9,9,39,728,0.58,0.022,0.172,2912,0.19059065934065933,0.055288461538461536,0.1353021978021978,0.013736263736263736,0.15728021978021978
499,9,9,40,728,0.58,0.022,0.172,2912,0.19608516483516483,0.05357142857142857,0.14251373626373626,0.013392857142857142,0.14903846153846154
500,9,9,41,728,0.58,0.022,0.172,2912,0.17513736263736263,0.054945054945054944,0.1201923076923077,0.01201923076923077,0.15384615384615385
501,9,9,42,728,0.58,0.022,0.172,2912,0.18681318681318682,0.04601648351648352,0.1407967032967033,0.014423076923076924,0.16380494505494506
502,9,9,43,728,0.58,0.022,0.172,2912,0.21703296703296704,0.05837912087912088,0.15865384615384615,0.017513736263736264,0.16346153846153846
503,9,9,44,728,0.58,0.022,0.172,2912,0.20741758241758243,0.05425824175824176,0.15315934065934067,0.016140109890109892,0.1723901098901099
504,9,9,45,728,0.58,0.022,0.172,2912,0.20982142857142858,0.050824175824175824,0.15899725274725274,0.01407967032967033,0.17479395604395603
505,9,9,46,728,0.58,0.022,0.172,2912,0.21428571428571427,0.04567307692307692,0.16861263736263737,0.009615384615384616,0.17685439560439561
506,9,9,47,728,0.58,0.022,0.172,2912,0.19677197802197802,0.0260989010989011,0.17067307692307693,0.007211538461538462,0.17857142857142858
507,9,9,48,728,0.58,0.022,0.172,2912,0.15487637362637363,0.018200549450549452,0.13667582417582416,0.006868131868131868,0.17994505494505494
508,9,9,49,728,0.58,0.022,0.172,2912,0.1349587912087912,0.01201923076923077,0.12293956043956043,0.008241758241758242,0.1771978021978022
509,9,9,50,728,0.58,0.022,0.172,2912,0.17032967032967034,0.010645604395604396,0.15968406593406592,0.008928571428571428,0.17307692307692307
